{
    "bucketName": "redditclonea4f35ee94c414237ada7a8e3f084e8ed",
    "authPolicyName": "s3_amplify_20b3f94b",
    "unauthPolicyName": "s3_amplify_20b3f94b",
    "authRoleName": {
        "Ref": "AuthRoleName"
    },
    "unauthRoleName": {
        "Ref": "UnauthRoleName"
    },
    "selectedGuestPermissions": [
        "s3:GetObject",
        "s3:ListBucket"
    ],
    "selectedAuthenticatedPermissions": [
        "s3:PutObject",
        "s3:GetObject",
        "s3:ListBucket",
        "s3:DeleteObject"
    ],
    "s3PermissionsAuthenticatedPublic": "s3:PutObject,s3:GetObject,s3:DeleteObject",
    "s3PublicPolicy": "Public_policy_cdbb01b0",
    "s3PermissionsAuthenticatedUploads": "s3:PutObject",
    "s3UploadsPolicy": "Uploads_policy_cdbb01b0",
    "s3PermissionsAuthenticatedProtected": "s3:PutObject,s3:GetObject,s3:DeleteObject",
    "s3ProtectedPolicy": "Protected_policy_38a501a1",
    "s3PermissionsAuthenticatedPrivate": "s3:PutObject,s3:GetObject,s3:DeleteObject",
    "s3PrivatePolicy": "Private_policy_38a501a1",
    "AuthenticatedAllowList": "ALLOW",
    "s3ReadPolicy": "read_policy_cdbb01b0",
    "s3PermissionsGuestPublic": "s3:GetObject",
    "s3PermissionsGuestUploads": "DISALLOW",
    "GuestAllowList": "ALLOW",
    "triggerFunction": "NONE"
}